Designator;Val;Package;Mid X;Mid Y;Rotation Side;Layer
C19;1uF;C_0402_1005Metric;15.825000;56.600000;-90.000000;bottom
C20;1uF;C_0402_1005Metric;16.750000;56.600000;-90.000000;bottom
C21;1uF;C_0402_1005Metric;14.900000;56.600000;-90.000000;bottom
C22;22uF;C_0805_2012Metric;13.300000;59.450000;180.000000;bottom
C23;22uF;C_0805_2012Metric;13.300000;63.450000;180.000000;bottom
C24;22uF;C_0805_2012Metric;13.300000;61.450000;180.000000;bottom
C32;100nF;C_0402_1005Metric;8.420000;26.850000;180.000000;bottom
C33;100nF;C_0402_1005Metric;23.700000;26.850000;180.000000;bottom
C34;22uF;C_0805_2012Metric;8.300000;25.250000;180.000000;bottom
C35;22uF;C_0805_2012Metric;23.700000;23.250000;180.000000;bottom
C37;22uF;C_0805_2012Metric;8.300000;21.250000;180.000000;bottom
C38;22uF;C_0805_2012Metric;23.700000;21.250000;180.000000;bottom
C39;22uF;C_0805_2012Metric;8.300000;23.250000;180.000000;bottom
C40;22uF;C_0805_2012Metric;23.700000;25.250000;180.000000;bottom
C45;22uF;C_0805_2012Metric;41.300000;21.450000;180.000000;bottom
C46;22uF;C_0805_2012Metric;56.100000;23.450000;180.000000;bottom
C47;22uF;C_0805_2012Metric;41.300000;23.450000;180.000000;bottom
C48;22uF;C_0805_2012Metric;56.100000;21.450000;180.000000;bottom
;;;6.100000;68.550000;0.000000;top
;;;6.100000;4.180440;0.000000;top
;;;67.500000;68.800000;0.000000;top
;;;67.500000;4.430440;0.000000;top
AE1;ADWH002;R_1206_3216Metric;53.700000;64.850000;180.000000;top
C1;24pF;C_0201_0603Metric;56.300000;53.850000;180.000000;top
C2;10uF;C_0402_1005Metric;49.500000;62.775000;-90.000000;top
C3;22uF;C_0805_2012Metric;71.900000;34.850000;0.000000;top
C4;100nF;C_0201_0603Metric;48.500000;62.770000;-90.000000;top
C5;24pF;C_0201_0603Metric;57.050000;58.950000;0.000000;top
C6;1uF;C_0201_0603Metric;49.500000;61.130000;90.000000;top
C7;22uF;C_0402_1005Metric;64.200000;45.835877;-90.000000;top
C8;100nF;C_0201_0603Metric;52.900000;58.450000;0.000000;top
C9;1uF;C_0201_0603Metric;52.900000;59.250000;0.000000;top
C10;22uF;C_0402_1005Metric;61.800000;45.835877;-90.000000;top
C11;10uF;C_0402_1005Metric;60.800000;45.835877;-90.000000;top
C12;100nF;C_0402_1005Metric;62.800000;45.835877;-90.000000;top
C13;100nF;C_0402_1005Metric;64.420000;65.050000;180.000000;top
C14;100nF;C_0201_0603Metric;44.820000;58.250000;180.000000;top
C15;100nF;C_0201_0603Metric;45.900000;53.130000;-90.000000;top
C16;1.2pF;C_0201_0603Metric;52.450000;60.950000;0.000000;top
C17;1uF;C_0201_0603Metric;46.700000;53.170000;-90.000000;top
C18;1.8pF;C_0201_0603Metric;52.445000;63.150000;0.000000;top
C25;1uF;C_0402_1005Metric;20.250000;56.555000;-90.000000;top
C26;100nF;C_0402_1005Metric;43.900000;48.050000;90.000000;top
C27;100nF;C_0402_1005Metric;41.700000;45.050000;180.000000;top
C28;100nF;C_0402_1005Metric;45.900000;45.050000;180.000000;top
C29;100nF;C_0402_1005Metric;23.100000;54.330000;-90.000000;top
C30;100nF;C_0402_1005Metric;54.300000;45.050000;180.000000;top
C31;100nF;C_0402_1005Metric;50.020000;45.050000;180.000000;top
C36;100nF;C_0402_1005Metric;67.100000;33.170000;90.000000;top
C41;22uF;C_0805_2012Metric;3.003911;21.995081;180.000000;top
C42;22uF;C_0805_2012Metric;18.700000;22.850000;90.000000;top
C43;100nF;C_0402_1005Metric;12.500000;36.250000;180.000000;top
C44;100nF;C_0402_1005Metric;28.100000;36.250000;180.000000;top
C49;47uF;C_0805_2012Metric;72.500000;30.050000;90.000000;top
C50;47uF;C_0805_2012Metric;72.500000;26.650000;-90.000000;top
C51;100nF;C_0402_1005Metric;3.100000;36.250000;0.000000;top
C52;100nF;C_0402_1005Metric;18.500000;36.250000;0.000000;top
C53;22uF;C_0805_2012Metric;4.500000;19.250000;90.000000;top
C54;22uF;C_0805_2012Metric;18.700000;19.250000;90.000000;top
C55;100nF;C_0402_1005Metric;42.900000;20.370000;-90.000000;top
C56;100nF;C_0402_1005Metric;57.700000;20.250000;-90.000000;top
C57;22uF;C_0805_2012Metric;2.500000;15.850000;-90.000000;top
C58;22uF;C_0805_2012Metric;20.700000;15.850000;-90.000000;top
C59;47uF;C_0805_2012Metric;63.700000;25.000000;-90.000000;top
C60;4.7uF;C_0402_1005Metric;67.100000;31.170000;90.000000;top
C61;22uF;C_0805_2012Metric;4.500000;15.850000;-90.000000;top
C62;22uF;C_0805_2012Metric;18.700000;15.850000;-90.000000;top
C63;10pF;C_0402_1005Metric;9.620000;36.250000;0.000000;top
C64;10pF;C_0402_1005Metric;24.900000;36.250000;0.000000;top
C65;47uF;C_0805_2012Metric;63.700000;28.400000;90.000000;top
C66;22uF;C_0805_2012Metric;2.500000;19.250000;90.000000;top
C67;2.2nF;C_0402_1005Metric;5.820000;36.250000;180.000000;top
C68;22uF;C_0805_2012Metric;20.700000;19.250000;90.000000;top
C69;2.2nF;C_0402_1005Metric;20.900000;36.250000;180.000000;top
C70;47uF;C_0805_2012Metric;47.300000;23.450000;90.000000;top
C71;47uF;C_0805_2012Metric;61.700000;23.450000;90.000000;top
C72;47uF;C_0805_2012Metric;65.700000;25.000000;-90.000000;top
C73;22uF;C_0805_2012Metric;24.100000;45.250000;-90.000000;top
C74;47uF;C_0805_2012Metric;45.300000;23.450000;90.000000;top
C75;47uF;C_0805_2012Metric;59.700000;23.450000;90.000000;top
C76;47uF;C_0805_2012Metric;65.700000;28.400000;90.000000;top
C77;22uF;C_0805_2012Metric;22.100000;45.250000;-90.000000;top
C78;22uF;C_0805_2012Metric;11.900000;21.150000;90.000000;top
C79;22uF;C_0805_2012Metric;27.900000;21.150000;90.000000;top
D1;SMBJ40CA;D_SMB_TVS;11.400000;61.150000;-90.000000;top
D2;SMBJ40CA;D_SMB_TVS;18.500000;46.550000;90.000000;top
D3;ESDA25W5;SOT-353_SC-70-5;10.600000;55.750000;-90.000000;top
D4;LED;LED_0402_1005Metric;72.660000;47.125000;180.000000;top
D5;LED;LED_0402_1005Metric;72.660000;48.075000;180.000000;top
D6;LED;LED_0402_1005Metric;72.660000;49.025000;180.000000;top
D7;LED;LED_0402_1005Metric;72.660000;49.975000;180.000000;top
D8;SS34;D_SMA;17.225000;59.300000;180.000000;top
D9;ESDA25P35-1U1M;ESDA25P351U1M;21.500000;59.262500;90.000000;top
D10;SS34;D_SMA;35.600000;37.450000;0.000000;top
D11;SS34;D_SMA;50.900000;37.450000;0.000000;top
D13;SMBJ40CA;D_SMB_TVS;15.300000;19.950000;-90.000000;top
D14;SMBJ40CA;D_SMB_TVS;31.300000;20.050000;-90.000000;top
D15;SMBJ40CA;D_SMB_TVS;65.300000;18.850000;90.000000;top
D16;SMBJ40CA;D_SMB_TVS;37.400000;17.450000;0.000000;top
D17;SMBJ40CA;D_SMB_TVS;52.800000;17.450000;0.000000;top
DA1;TPS7A5701RTER;TPS7A57;69.400000;27.050000;180.000000;top
DD1;TPL0501-100DCNR;SOT65P280X145-8N;69.400000;31.300000;90.000000;top
F1;SL1210650;Fuse_1210_3225Metric;23.517446;48.696848;0.000000;top
F2;SL1210650;Fuse_1210_3225Metric;10.600000;17.850000;0.000000;top
F3;SL1210650;Fuse_1210_3225Metric;26.700000;17.850000;0.000000;top
F4;SMD1812P350TF;Fuse_1812_4532Metric;69.800000;18.150000;-90.000000;top
F5;SMD1812P350TF;Fuse_1812_4532Metric;44.300000;17.450000;180.000000;top
F6;SMD1812P350TF;Fuse_1812_4532Metric;59.700000;17.250000;180.000000;top
J1;DC-005-5A-2.5-SMT;DC-005-5A;7.800000;45.850000;0.000000;top
J2;Conn_01x07_Pin;PinHeader_1x07_P1.27mm_Vertical;72.300000;44.800000;0.000000;top
J3;Conn_01x04_Pin;PinSocket_1x04_P2.54mm_Vertical;68.325000;44.250000;0.000000;top
J4;TYPE-C-31-M-31;USB_C_Receptacle_G-Switch_GT-USB-7010ASV;4.200000;59.450000;-90.000000;top
J5;Conn_01x11_Pin;PinHeader_1x11_P1.27mm_Vertical;68.100000;52.350000;180.000000;top
J6;Conn_01x11_Pin;PinHeader_1x11_P1.27mm_Vertical;70.300000;52.350000;180.000000;top
J7;Conn_01x11_Pin;PinHeader_1x11_P1.27mm_Vertical;72.500000;52.350000;180.000000;top
L1;2nH;L_0402_1005Metric;50.500000;62.775000;-90.000000;top
L2;24nH;L_0201_0603Metric;55.370000;58.950000;180.000000;top
L3;3nH;L_0201_0603Metric;52.100000;62.050000;90.000000;top
L4;IHLP4040DZER4R7M01;L_APV_APH1040;7.800000;30.450000;180.000000;top
L5;IHLP4040DZER4R7M01;L_APV_APH1040;23.350000;30.450000;180.000000;top
L6;IHLP4040DZER100M01;L_APV_APH1040;38.950000;30.450000;0.000000;top
L7;IHLP4040DZER100M01;L_APV_APH1040;54.200000;30.450000;0.000000;top
Q1;STL6P3LLH6;STL8N10F7;15.800000;62.950000;90.000000;top
Q2;STL6P3LLH6;STL8N10F7;19.912090;62.950696;-90.000000;top
R1;4.7K;R_0201_0603Metric;53.620000;53.650000;0.000000;top
R2;4.7K;R_0201_0603Metric;53.620000;56.050000;0.000000;top
R3;499;R_0201_0603Metric;65.900000;39.250000;90.000000;top
R4;0;R_0201_0603Metric;53.620000;54.450000;180.000000;top
R5;0;R_0201_0603Metric;53.620000;55.250000;180.000000;top
R6;0;R_0201_0603Metric;48.700000;61.170000;-90.000000;top
R7;0;R_0201_0603Metric;47.900000;61.170000;-90.000000;top
R8;0;R_0201_0603Metric;44.780000;60.650000;0.000000;top
R9;0;R_0201_0603Metric;44.780000;59.850000;0.000000;top
R10;0;R_0201_0603Metric;44.780000;57.450000;0.000000;top
R11;0;R_0201_0603Metric;44.820000;56.650000;0.000000;top
R12;0;R_0201_0603Metric;44.780000;59.050000;0.000000;top
R13;0;R_0201_0603Metric;44.820000;55.850000;0.000000;top
R14;0;R_0201_0603Metric;44.740000;53.850000;0.000000;top
R15;620;R_0402_1005Metric;70.787500;47.130000;180.000000;top
R16;100K;R_0402_1005Metric;20.590000;51.650000;0.000000;top
R17;1.5K;R_0402_1005Metric;70.787500;48.075000;180.000000;top
R18;100K;R_0402_1005Metric;20.610000;52.650000;0.000000;top
R19;10K;R_0402_1005Metric;70.777500;49.025000;180.000000;top
R20;10K;R_0402_1005Metric;70.777500;49.975000;180.000000;top
R21;0;R_0201_0603Metric;47.550000;53.250000;-90.000000;top
R22;0;R_0201_0603Metric;48.250000;53.250000;-90.000000;top
R23;0;R_0201_0603Metric;48.950000;53.250000;-90.000000;top
R24;0;R_0201_0603Metric;49.650000;53.250000;-90.000000;top
R25;0;R_0201_0603Metric;50.350000;53.250000;-90.000000;top
R26;0;R_0201_0603Metric;51.050000;53.230000;-90.000000;top
R27;0;R_0201_0603Metric;59.820000;64.850000;0.000000;top
R28;0;R_0201_0603Metric;57.820000;63.250000;0.000000;top
R29;0;R_0201_0603Metric;57.820000;62.450000;0.000000;top
R30;10K;R_0201_0603Metric;42.600000;58.175000;-90.000000;top
R31;10K;R_0201_0603Metric;42.600000;56.750000;90.000000;top
R32;470;R_0402_1005Metric;22.225000;56.550000;-90.000000;top
R33;1K;R_0402_1005Metric;21.225000;56.550000;-90.000000;top
R34;100K;R_0201_0603Metric;47.100000;61.170000;90.000000;top
R35;100K;R_0201_0603Metric;44.780000;55.150000;180.000000;top
R36;22K;R_0402_1005Metric;20.610000;54.850000;180.000000;top
R37;100K;R_0402_1005Metric;20.610000;53.850000;0.000000;top
R38;100;R_0402_1005Metric;22.100000;54.340000;-90.000000;top
R39;1K;R_0402_1005Metric;22.700000;59.250000;90.000000;top
R40;0;R_0402_1005Metric;12.100000;23.650000;0.000000;top
R41;0;R_0402_1005Metric;27.900000;23.650000;0.000000;top
R42;82K;R_0402_1005Metric;12.100000;24.650000;0.000000;top
R43;82K;R_0402_1005Metric;27.900000;24.650000;0.000000;top
R44;49.9K;R_0402_1005Metric;43.300000;24.250000;-90.000000;top
R45;49.9K;R_0402_1005Metric;57.900000;24.250000;-90.000000;top
R46;10K;R_0402_1005Metric;9.300000;20.450000;180.000000;top
R47;10K;R_0402_1005Metric;25.300000;20.350000;180.000000;top
R48;71.5K;R_0402_1005Metric;7.700000;36.250000;180.000000;top
R49;71.5K;R_0402_1005Metric;22.900000;36.250000;180.000000;top
R50;0.01;R_1206_3216Metric;6.800000;18.550000;-90.000000;top
R51;0.01;R_1206_3216Metric;23.100000;18.550000;-90.000000;top
R52;100K;R_0402_1005Metric;34.300000;22.050000;90.000000;top
R53;16.9K;R_0402_1005Metric;34.300000;24.050000;90.000000;top
R54;100K;R_0402_1005Metric;49.100000;22.050000;90.000000;top
R55;16.9K;R_0402_1005Metric;49.100000;24.050000;90.000000;top
R56;0.01;R_1206_3216Metric;69.400000;23.750000;0.000000;top
R57;0.01;R_1206_3216Metric;46.300000;20.583570;0.000000;top
R58;0.01;R_1206_3216Metric;60.700000;20.450000;0.000000;top
SW1;TS-1088-AR02016;SW_SPST_B3U-1000P;39.800000;59.100000;180.000000;top
SW2;TS-1088-AR02016;SW_SPST_B3U-1000P;39.800000;55.800000;0.000000;top
TP15;TestPoint;TestPoint_power;27.100000;48.250000;90.000000;top
TP16;TestPoint;TestPoint_power;27.050000;42.500000;90.000000;top
TP17;TestPoint;TestPoint_power;13.600000;12.750000;0.000000;top
TP18;TestPoint;TestPoint_power;7.750000;12.700000;0.000000;top
TP19;TestPoint;TestPoint_power;26.850000;12.750000;0.000000;top
TP20;TestPoint;TestPoint_power;20.950000;12.750000;0.000000;top
TP21;TestPoint;TestPoint_power;69.900000;12.750000;0.000000;top
TP22;TestPoint;TestPoint_power;63.950000;12.700000;0.000000;top
TP23;TestPoint;TestPoint_power;41.100000;12.750000;0.000000;top
TP24;TestPoint;TestPoint_power;35.150000;12.750000;0.000000;top
TP25;TestPoint;TestPoint_power;55.900000;12.750000;0.000000;top
TP26;TestPoint;TestPoint_power;49.950000;12.750000;0.000000;top
U1;AP1117-33;SOT-223-3_TabPin2;62.400000;51.225000;90.000000;top
U2;ESP32-C3;QFN-32-1EP_5x5mm_P0.5mm_EP3.7x3.7mm;48.825000;57.100000;-90.000000;top
U3;STUSB4500QTR;QFN-24-1EP_4x4mm_P0.5mm_EP2.7x2.7mm;16.325000;54.862500;0.000000;top
U4;PCA9555PW;TSSOP-24_4.4x7.8mm_P0.65mm;62.500000;60.250000;0.000000;top
U5;W25Q128JVS;SOIC-8_5.3x5.3mm_P1.27mm;49.175000;49.400000;180.000000;top
U6;INA180A2;SOT-23-5;40.500000;42.850000;0.000000;top
U7;INA180A2;SOT-23-5;44.700000;42.850000;0.000000;top
U8;INA180A2;SOT-23-5;53.100000;42.850000;0.000000;top
U9;INA180A2;SOT-23-5;48.900000;42.850000;0.000000;top
U10;TPS55289RYQR;TPS55289RYQR;7.825000;23.185000;180.000000;top
U11;TPS55289RYQR;TPS55289RYQR;23.400000;23.100000;180.000000;top
U12;LMR16030PDDAR;LMR16030;38.700000;22.450000;180.000000;top
U13;LMR16030PDDAR;LMR16030;53.388000;22.450000;180.000000;top
Y1;X322540MPB4SI;Crystal_SMD_3225-4Pin_3.2x2.5mm;56.300000;56.450000;90.000000;top
